{"cameraMode":{"drawMode":0,"name":"Shaded","section":"Shading Mode"},"sceneLighting":false,"audioPlay":false,"sceneViewState":{"showFog":true,"showMaterialUpdate":false,"showSkybox":false,"showFlares":true,"showImageEffects":true,"showParticleSystems":true},"in2DMode":false,"pivot":{"x":0.04319508373737335,"y":1.136937141418457,"z":-0.7931850552558899},"rotation":{"x":0.38304227590560915,"y":0.08847317099571228,"z":-0.036885179579257968,"w":0.9187645316123962},"size":0.8198811411857605,"orthographic":false}