{"cameraMode":{"drawMode":0,"name":"Shaded","section":"Shading Mode"},"sceneLighting":false,"audioPlay":false,"sceneViewState":{"showFog":true,"showMaterialUpdate":false,"showSkybox":false,"showFlares":true,"showImageEffects":true,"showParticleSystems":true},"in2DMode":false,"pivot":{"x":0.0690421313047409,"y":1.1712039709091187,"z":-0.5254285335540772},"rotation":{"x":0.1520230621099472,"y":0.4215962290763855,"z":-0.07090934365987778,"w":0.8914191722869873},"size":0.12004147469997406,"orthographic":false}